{
  "ABIRoot": {
    "kind": "Root",
    "name": "TopLevel",
    "printedName": "TopLevel",
    "children": [
      {
        "kind": "Import",
        "name": "Foundation",
        "printedName": "Foundation",
        "declKind": "Import",
        "moduleName": "MyFramework",
        "declAttributes": [
          "RawDocComment"
        ]
      },
      {
        "kind": "Import",
        "name": "SwiftyJSON",
        "printedName": "SwiftyJSON",
        "declKind": "Import",
        "moduleName": "MyFramework"
      },
      {
        "kind": "TypeDecl",
        "name": "MyFramework",
        "printedName": "MyFramework",
        "children": [
          {
            "kind": "Var",
            "name": "name",
            "printedName": "name",
            "children": [
              {
                "kind": "TypeNominal",
                "name": "String",
                "printedName": "Swift.String",
                "usr": "s:SS"
              }
            ],
            "declKind": "Var",
            "usr": "s:11MyFrameworkAAC4nameSSvp",
            "mangledName": "$s11MyFrameworkAAC4nameSSvp",
            "moduleName": "MyFramework",
            "declAttributes": [
              "Final",
              "HasStorage",
              "AccessControl"
            ],
            "isLet": true,
            "hasStorage": true,
            "accessors": [
              {
                "kind": "Accessor",
                "name": "Get",
                "printedName": "Get()",
                "children": [
                  {
                    "kind": "TypeNominal",
                    "name": "String",
                    "printedName": "Swift.String",
                    "usr": "s:SS"
                  }
                ],
                "declKind": "Accessor",
                "usr": "s:11MyFrameworkAAC4nameSSvg",
                "mangledName": "$s11MyFrameworkAAC4nameSSvg",
                "moduleName": "MyFramework",
                "implicit": true,
                "declAttributes": [
                  "Final"
                ],
                "accessorKind": "get"
              }
            ]
          },
          {
            "kind": "Constructor",
            "name": "init",
            "printedName": "init(name:)",
            "children": [
              {
                "kind": "TypeNominal",
                "name": "MyFramework",
                "printedName": "MyFramework.MyFramework",
                "usr": "s:11MyFrameworkAAC"
              },
              {
                "kind": "TypeNominal",
                "name": "String",
                "printedName": "Swift.String",
                "usr": "s:SS"
              }
            ],
            "declKind": "Constructor",
            "usr": "s:11MyFrameworkAAC4nameABSS_tcfc",
            "mangledName": "$s11MyFrameworkAAC4nameABSS_tcfc",
            "moduleName": "MyFramework",
            "declAttributes": [
              "AccessControl"
            ],
            "init_kind": "Designated"
          },
          {
            "kind": "Function",
            "name": "sayHello",
            "printedName": "sayHello()",
            "children": [
              {
                "kind": "TypeNominal",
                "name": "Void",
                "printedName": "()"
              }
            ],
            "declKind": "Func",
            "usr": "s:11MyFrameworkAAC8sayHelloyyF",
            "mangledName": "$s11MyFrameworkAAC8sayHelloyyF",
            "moduleName": "MyFramework",
            "declAttributes": [
              "AccessControl"
            ],
            "funcSelfKind": "NonMutating"
          }
        ],
        "declKind": "Class",
        "usr": "s:11MyFrameworkAAC",
        "mangledName": "$s11MyFrameworkAAC",
        "moduleName": "MyFramework",
        "declAttributes": [
          "AccessControl"
        ]
      }
    ],
    "json_format_version": 8
  },
  "ConstValues": [
    {
      "filePath": "\/Users\/marcotammaro\/Desktop\/Library Learning\/MyFramework\/MyFramework\/MyFramework.swift",
      "kind": "StringLiteral",
      "offset": 323,
      "length": 29,
      "value": "\"{\"name\":\"\""
    },
    {
      "filePath": "\/Users\/marcotammaro\/Desktop\/Library Learning\/MyFramework\/MyFramework\/MyFramework.swift",
      "kind": "StringLiteral",
      "offset": 348,
      "length": 1,
      "value": "\"\"}\""
    },
    {
      "filePath": "\/Users\/marcotammaro\/Desktop\/Library Learning\/MyFramework\/MyFramework\/MyFramework.swift",
      "kind": "BooleanLiteral",
      "offset": 437,
      "length": 5,
      "value": "false"
    },
    {
      "filePath": "\/Users\/marcotammaro\/Desktop\/Library Learning\/MyFramework\/MyFramework\/MyFramework.swift",
      "kind": "StringLiteral",
      "offset": 519,
      "length": 30,
      "value": "\"hello \""
    },
    {
      "filePath": "\/Users\/marcotammaro\/Desktop\/Library Learning\/MyFramework\/MyFramework\/MyFramework.swift",
      "kind": "StringLiteral",
      "offset": 534,
      "length": 6,
      "value": "\"name\""
    },
    {
      "filePath": "\/Users\/marcotammaro\/Desktop\/Library Learning\/MyFramework\/MyFramework\/MyFramework.swift",
      "kind": "StringLiteral",
      "offset": 545,
      "length": 2,
      "value": "\"\""
    },
    {
      "filePath": "\/Users\/marcotammaro\/Desktop\/Library Learning\/MyFramework\/MyFramework\/MyFramework.swift",
      "kind": "StringLiteral",
      "offset": 548,
      "length": 2,
      "value": "\"\""
    }
  ]
}